"0","term_frequency <- colSums(dtm)"
"0","term_frequency <- sort(term_frequency, decreasing = TRUE)"
"0","term_frequency[1:10]"
"1","islamic state "
"1","united states "
"1"," donald trump "
"1","     al qaeda "
"1","  state group "
"1","    need know "
"1","       s need "
"1","
"
"1","           91 "
"1","           53 "
"1","           42 "
"1","           30 "
"1","           30 "
"1","           26 "
"1","           26 "
"1","
"
"1","  times local "
"1","     new york "
"1","  us military "
"1","
"
"1","           25 "
"1","           23 "
"1","           22 "
"1","
"
"0","bp <- barplot(term_frequency[1:10], col = ""tan"", las = 2, axisnames = F, axes = F)"
